Epoch,Learn rate,Avg Train loss,Train Accuracy,Avg Eval loss,Eval accuracy
0,0.0,6.047591141292027,0.004917689732142857,6.092714786529541,0.005810546875
1,1.2228496751951975e-06,6.03598860331944,0.006940569196428571,6.058726978302002,0.007666015625
